rating,review,ai_response,summary,actions,date,time
4,"food was too spicy
",Thanks for the feedback! We'll let our kitchen know the food was too spicy for you. You can request less spice next time you order.,The reviewer found the food to be excessively spicy.,"**Offer customers the option to customize the spice level of their food.**

This addresses the direct feedback about the food being too spicy by empowering customers to control the heat level and ensure a more enjoyable dining experience.",2025-12-06,15:54:22.407989
3,"good taste 
",Thanks for your review! We're glad you enjoyed the taste.,The review indicates the product has a pleasant flavor.,"Based on the review ""good taste,"" the recommended business action is to **emphasize and maintain the quality of your ingredients and recipes.**

Here's why:

*   **Reinforces Strength:** The core positive feedback is about taste. You're doing something right!
*   **Focus on Consistency:** Maintaining good taste requires consistency in sourcing, preparation, and quality control.
*   **Marketing Angle:** You can highlight ""good taste"" in your marketing materials. This could involve emphasizing fresh ingredients, skilled chefs, or time-tested recipes.

In short, don't just be happy with the compliment; actively work to ensure that ""good taste"" remains a defining characteristic of your business.",2025-12-06,15:54:50.581460
1,very bad taste,I'm sorry you didn't enjoy the taste. Thanks for the feedback.,This review indicates a highly unfavorable opinion due to the unpleasant taste.,"Based on the review ""very bad taste,"" the recommended business action is to **investigate and improve the product's flavor/taste profile.** This should involve:

*   **Gathering More Information:** Is this a common complaint? Are there specific aspects of the taste that are objectionable? Consider reaching out to the reviewer for more details, if possible. Look for patterns in other reviews.
*   **Product Testing:** Conduct internal and external taste tests to identify what specific elements are causing the ""bad taste.""
*   **Ingredient Review:** Carefully examine all ingredients for quality, freshness, and potential off-flavors. Consider sourcing from different suppliers.
*   **Recipe/Formulation Adjustment:** Based on the taste test results, adjust the recipe or formulation to improve the flavor. This may involve adding or removing ingredients, changing ratios, or adjusting the cooking/processing method.
*   **Quality Control:** Implement more rigorous quality control procedures to ensure consistent taste across batches.

The core issue is the product isn't enjoyable to consume, so addressing the taste is paramount.",2025-12-06,15:57:17
3,very good taste but tables are very limited,Thanks for the feedback! We're glad you enjoyed the taste. We're working on increasing our seating capacity.,"The food tastes great, but the restaurant has limited seating.","Based on the review ""very good taste but tables are very limited,"" the recommended business action is to **expand seating capacity or optimize existing seating arrangements.**

This could involve:

*   **Adding more tables/chairs:** If space permits, try to fit in a few more tables.
*   **Optimizing table layout:** Re-arrange the existing tables to make better use of the space.
*   **Implementing a waitlist system:** Use a digital waitlist or pager system to manage customers waiting for a table.
*   **Consider a larger space:** If consistently busy, think about relocating to a larger venue in the future.
*   **Offer takeout/delivery options:** To reduce the reliance on dine-in seating, promote takeout or delivery.
*   **Encourage faster table turnover:** Subtly encourage customers to be mindful of others waiting, perhaps by offering the bill promptly after they finish eating.

The goal is to address the bottleneck caused by limited seating, thereby capturing more potential revenue and improving customer satisfaction.",2025-12-06,16:00:55
1,very bad food ,I'm sorry to hear you had a bad experience with the food. We appreciate your feedback.,The food was terrible.,"Based on the review ""very bad food,"" the most recommended business action is:

**Investigate and Improve Food Quality.**

This is a broad action, but it needs to be the first step. Here's a more detailed breakdown of what that entails:

*   **Identify the Specific Problems:**
    *   Gather more data: Look at other reviews, speak to staff, and consider doing blind taste tests.
    *   Are the issues related to:
        *   **Ingredients:** Are you using low-quality or expired ingredients?
        *   **Preparation:** Are recipes being followed correctly? Is there adequate training?
        *   **Cooking Techniques:** Are food items being overcooked, undercooked, or improperly seasoned?
        *   **Menu Design:** Are menu items appropriate for your target audience? Are there too many options?
        *   **Presentation:** Is the food visually appealing?

*   **Develop and Implement Solutions:**
    *   Based on your findings, make changes to your:
        *   **Sourcing:** Switch to higher-quality suppliers.
        *   **Recipes:** Revise or create new recipes.
        *   **Staff Training:** Provide comprehensive training on food preparation, cooking techniques, and plating.
        *   **Kitchen Equipment:** Ensure equipment is functioning properly and that staff know how to use it.
        *   **Menu:** Remove poorly performing items and introduce new, well-researched dishes.

*   **Monitor and Evaluate:**
    *   Track customer feedback after implementing changes.
    *   Use surveys, reviews, and customer interactions to assess the impact of the improvements.
    *   Be prepared to make further adjustments as needed.

**Why this is the best action:**

A review this direct and negative points to a fundamental problem. Addressing food quality directly is paramount for the survival and success of any food-related business. Ignoring it will lead to further negative reviews, lost customers, and ultimately, business failure.",2025-12-06,16:11:05
5,I love this place  I have been coming here for ages.,Thank you for your continued support! We're so happy to hear you enjoy it.,"This reviewer is a long-time, satisfied customer of the place.","**Implement a loyalty program to reward returning customers.**

**Reasoning:**

The review highlights a long-term, positive relationship with the business (""I have been coming here for ages""). This indicates strong customer loyalty. A loyalty program would:

*   **Reinforce positive behavior:** It rewards customers for their continued patronage, encouraging them to keep coming back.
*   **Increase customer lifetime value:** By incentivizing repeat business, the program can generate more revenue from each customer over time.
*   **Gather valuable data:** The program can collect data on customer preferences and spending habits, which can be used to improve marketing efforts and tailor offerings.

This action directly builds upon the existing loyalty implied in the review and turns it into a concrete, beneficial relationship for both the customer and the business.",2025-12-06,23:51:32
1,"Bad service, great food, awful coffee.","I'm sorry to hear the service and coffee weren't up to par, but glad you enjoyed the food! We'll work on improving the service and coffee quality. Thanks for your feedback.","The restaurant serves delicious food, but suffers from poor service and terrible coffee.","**Focus on improving the coffee quality.**

The review clearly highlights good food but terrible coffee. Since people often expect a good cup of coffee after a meal (or even as a primary reason to visit), fixing this issue could significantly improve overall customer satisfaction and potentially attract more customers specifically looking for a good coffee experience.",2025-12-06,23:53:46
3,"price is too high 
","Thanks for the feedback. We're always looking for ways to improve, and we'll take your comment about the price into consideration.",The review indicates the product or service is overpriced.,"**Recommended Action: Conduct a pricing analysis and consider adjustments.**

**Explanation:**

The review ""price is too high"" directly indicates a mismatch between perceived value and the asking price.  Here's why this action is recommended:

*   **Direct Feedback:** It's a clear signal that customers find your product or service overpriced.
*   **Potential Loss of Sales:** High prices can deter potential buyers and drive them to competitors.
*   **Need for Understanding:** You need to determine *why* the price is perceived as high. Is it too high compared to competitors? Does the customer not understand the value you offer? Are there hidden costs making the final price higher than expected?

**The Pricing Analysis should include:**

*   **Competitive Analysis:** Compare your prices to similar offerings in the market.
*   **Cost Analysis:** Review your cost structure to identify potential areas for efficiency and cost reduction.
*   **Value Proposition Assessment:** Clearly communicate the value you offer to justify the price.
*   **Customer Segmentation:** Consider different pricing strategies for different customer segments if appropriate.

**Possible Adjustments after Analysis:**

*   **Price Reduction:** If the analysis supports it, consider lowering your price.
*   **Value Enhancement:** Improve the product or service to justify the existing price.
*   **Pricing Communication:** More clearly explain the value and benefits of your product/service.
*   **Discounts and Promotions:** Offer temporary discounts or promotions to attract price-sensitive customers.
*   **Bundling:** Combine products or services to offer a better value proposition.
*   **Payment Options:** Offer flexible payment plans to make the purchase more accessible.

By taking this action, you can address the customer's concern, potentially increase sales, and improve customer satisfaction.",2025-12-07,00:44:40
